Workbook

Sheet BERANDA
A1: 📊 Template Administrasi Penilaian SIABSoal
A3: Sistem Informasi Analisis Butir Soal Berbasis Web — SMP Negeri 2 Tasikmalaya
A5: 📋 Informasi Template | F5: 📝 Langkah Penggunaan
A6: Nama Sistem | B6: SIABSoal SMPN 2 Tasikmalaya | F6: ① | G6: Lengkapi IDENTITAS, DATA_SISWA, dan TP_LM_KKTP sesuai kebutuhan.
A7: Nama Lengkap | B7: Sistem Informasi Analisis Butir Soal Berbasis Web | F7: ② | G7: Isi KUNCI_JAWABAN lalu pilih: INPUT_JAWABAN_ABCD atau INPUT_SKOR_01.
A8: Ujian | B8: UH 1 Matematika Kelas IX A | F8: ③ | G8: Periksa HASIL_T1, OLAH_T2, ANALISIS_T3, DAFTAR_NILAI_T4, REKAP_NILAI_T5.
A9: Guru Pengampu | B9: Siti Nurhaliza, S.Pd. | F9: ④ | G9: Upload file ini via menu Template Excel di SIABSoal. Sistem menghitung ulang.
A10: Kelas | B10: IX A
A11: Tahun Ajaran | B11: 2025/2026
A12: KKTP/KKM | B12: 75
A14: 🗂️ Menu Navigasi Cepat Workbook
A16: 📄 Identitas Ujian IDENTITAS | D16: 🏫 Data Kelas DATA_KELAS | G16: 👥 Data Siswa DATA_SISWA
A19: 🔑 Kunci Jawaban KUNCI_JAWABAN | D19: ✏️ Input ABCD INPUT_JAWABAN_ABCD | G19: 🔢 Input Skor 0/1 INPUT_SKOR_01
A22: 📊 Hasil T1 HASIL_T1 | D22: 📈 Analisis T3 ANALISIS_T3 | G22: 📋 Rekap T5 REKAP_NILAI_T5

Sheet IDENTITAS
A1: 📄 IDENTITAS UJIAN & ADMINISTRASI GURU
A3: Nama Sekolah | B3: SMP Negeri 2 Tasikmalaya
A4: Nama Sistem | B4: SIABSoal
A5: Nama Guru | B5: Siti Nurhaliza, S.Pd.
A6: Mata Pelajaran | B6: Matematika
A7: Kelas | B7: IX A
A8: Semester | B8: Ganjil
A9: Tahun Ajaran | B9: 2025/2026
A10: Jenis Penilaian | B10: Ulangan Harian
A11: Tanggal Penilaian | B11: 15/09/2025
A12: Jumlah Soal | B12: 20
A13: KKTP/KKM | B13: 75
A14: Lingkup Materi | B14: Bilangan, aljabar, geometri, dan pengolahan data.
A15: Tujuan Pembelajaran | B15: Peserta didik mampu menyelesaikan soal matematika sesuai materi yang diujikan.
A16: Keterangan
A19: 📝 TABEL TUJUAN PEMBELAJARAN (TP)
A20: Kode TP | B20: Tujuan Pembelajaran | C20: Lingkup Materi | D20: KKTP | E20: Nomor Soal Terkait
A21: TP 1 | B21: Peserta didik mampu menyelesaikan soal matematika sesuai materi yang diujikan. | C21: Bilangan, aljabar, geometri, dan pengolahan data. | D21: 75 | E21: 1-5
A22: TP 2 | D22: 75 | E22: 6-10
A23: TP 3 | D23: 75 | E23: 11-15
A24: TP 4 | D24: 75 | E24: 16-20

Sheet DATA_KELAS
A1: 🏫 DATA KELAS
A4: kode_kelas | B4: nama_kelas | C4: tingkat | D4: tahun_ajaran | E4: wali_kelas
A5: KLS-01 | B5: IX A | C5: IX | D5: 2025/2026 | E5: Siti Nurhaliza, S.Pd.
A6: KLS-01 | D6: 2025/2026
A7: KLS-02 | D7: 2025/2026
A8: KLS-03 | D8: 2025/2026
A9: KLS-04 | D9: 2025/2026
A10: KLS-05 | D10: 2025/2026

Sheet DATA_SISWA
A1: 👥 DATA SISWA
A4: no | B4: nis | C4: nisn | D4: nama_siswa | E4: jenis_kelamin | F4: kelas | G4: status_siswa
A5: 1 | B5: 2501 | C5: 0051234001 | D5: Adinda Putri Rahayu | E5: P | F5: IX A | G5: aktif
A6: 2 | B6: 2502 | C6: 0051234002 | D6: Bagus Prasetyo | E6: L | F6: IX A | G6: aktif
A7: 3 | B7: 2503 | C7: 0051234003 | D7: Citra Dewi Lestari | E7: P | F7: IX A | G7: aktif
A8: 4 | B8: 2504 | C8: 0051234004 | D8: Daffa Rahadian | E8: L | F8: IX A | G8: aktif
A9: 5 | B9: 2505 | C9: 0051234005 | D9: Eka Safitri | E9: P | F9: IX A | G9: aktif
A10: 6 | B10: 2506 | C10: 0051234006 | D10: Fajar Maulana | E10: L | F10: IX A | G10: aktif
A11: 7 | B11: 2507 | C11: 0051234007 | D11: Gita Pramesti | E11: P | F11: IX A | G11: aktif
A12: 8 | B12: 2508 | C12: 0051234008 | D12: Hendra Wijaya | E12: L | F12: IX A | G12: aktif
A13: 9 | B13: 2509 | C13: 0051234009 | D13: Indah Permatasari | E13: P | F13: IX A | G13: aktif
A14: 10 | B14: 2510 | C14: 0051234010 | D14: Joko Susanto | E14: L | F14: IX A | G14: aktif

Sheet TP_LM_KKTP
A1: 🎯 TUJUAN PEMBELAJARAN, LINGKUP MATERI, DAN KKTP
A4: kode_tp | B4: tujuan_pembelajaran | C4: lingkup_materi | D4: kktp | E4: nomor_soal_terkait
A5: TP 1 | B5: Peserta didik mampu menyelesaikan soal matematika sesuai materi yang diujikan. | C5: Bilangan, aljabar, geometri, dan pengolahan data. | D5: 75 | E5: 1-5
A6: TP 2 | D6: 75
A7: TP 3 | D7: 75
A8: TP 4 | D8: 75

Sheet DAFTAR_HADIR
A1: 📋 DAFTAR HADIR SISWA
A3: Mata Pelajaran: | B3: Matematika | E3: Kelas: | F3: IX A
A4: Nama Guru: | B4: Siti Nurhaliza, S.Pd. | E4: Jenis Penilaian: | F4: Ulangan Harian
A6: No | B6: NIS | C6: NISN | D6: Nama Murid | E6: L/P | F6: Kelas | G6: Status Kehadiran | H6: Catatan
A7: 1 | B7: 2501 | C7: 0051234001 | D7: Adinda Putri Rahayu | E7: P | F7: IX A | G7: hadir
A8: 2 | B8: 2502 | C8: 0051234002 | D8: Bagus Prasetyo | E8: L | F8: IX A | G8: hadir
A9: 3 | B9: 2503 | C9: 0051234003 | D9: Citra Dewi Lestari | E9: P | F9: IX A | G9: hadir
A10: 4 | B10: 2504 | C10: 0051234004 | D10: Daffa Rahadian | E10: L | F10: IX A | G10: hadir
A11: 5 | B11: 2505 | C11: 0051234005 | D11: Eka Safitri | E11: P | F11: IX A | G11: hadir
A12: 6 | B12: 2506 | C12: 0051234006 | D12: Fajar Maulana | E12: L | F12: IX A | G12: hadir
A13: 7 | B13: 2507 | C13: 0051234007 | D13: Gita Pramesti | E13: P | F13: IX A | G13: hadir
A14: 8 | B14: 2508 | C14: 0051234008 | D14: Hendra Wijaya | E14: L | F14: IX A | G14: hadir
A15: 9 | B15: 2509 | C15: 0051234009 | D15: Indah Permatasari | E15: P | F15: IX A | G15: hadir
A16: 10 | B16: 2510 | C16: 0051234010 | D16: Joko Susanto | E16: L | F16: IX A | G16: hadir

Sheet KUNCI_JAWABAN
A1: 🔑 KUNCI JAWABAN UJIAN
A3: Mata Pelajaran: | B3: Matematika | D3: Kelas: | E3: IX A
A4: Nama Ujian: | B4: UH 1 Matematika Kelas IX A | D4: KKTP/KKM: | E4: 75
A6: nomor_soal | B6: kode_tp | C6: lingkup_materi | D6: kunci_jawaban | E6: bobot
A7: 1 | B7: TP 1 | C7: Bilangan, aljabar, geometri, dan pengolahan data. | D7: A | E7: 1
A8: 2 | B8: TP 1 | C8: Bilangan, aljabar, geometri, dan pengolahan data. | D8: C | E8: 1
A9: 3 | B9: TP 1 | C9: Bilangan, aljabar, geometri, dan pengolahan data. | D9: B | E9: 1
A10: 4 | B10: TP 1 | C10: Bilangan, aljabar, geometri, dan pengolahan data. | D10: D | E10: 1
A11: 5 | B11: TP 1 | C11: Bilangan, aljabar, geometri, dan pengolahan data. | D11: A | E11: 1
A12: 6 | B12: TP 1 | C12: Bilangan, aljabar, geometri, dan pengolahan data. | D12: B | E12: 1
A13: 7 | B13: TP 1 | C13: Bilangan, aljabar, geometri, dan pengolahan data. | D13: C | E13: 1
A14: 8 | B14: TP 1 | C14: Bilangan, aljabar, geometri, dan pengolahan data. | D14: A | E14: 1
A15: 9 | B15: TP 1 | C15: Bilangan, aljabar, geometri, dan pengolahan data. | D15: D | E15: 1
A16: 10 | B16: TP 1 | C16: Bilangan, aljabar, geometri, dan pengolahan data. | D16: B | E16: 1
A17: 11 | B17: TP 1 | C17: Bilangan, aljabar, geometri, dan pengolahan data. | D17: A | E17: 1
A18: 12 | B18: TP 1 | C18: Bilangan, aljabar, geometri, dan pengolahan data. | D18: C | E18: 1
... A26: 20 | B26: TP 1 | C26: Bilangan, aljabar, geometri, dan pengolahan data. | D26: C | E26: 1

Sheet INPUT_JAWABAN_ABCD
A1: ✏️ INPUT JAWABAN SISWA (PILIHAN GANDA A/B/C/D/E)
A3: Mata Pelajaran: | B3: Matematika | D3: Kelas: | E3: IX A
A4: Nama Ujian: | B4: UH 1 Matematika Kelas IX A | D4: Jumlah Soal: | E4: 20
A6: no | B6: nis | C6: nisn | D6: nama_siswa | E6: jenis_kelamin | F6: status_kehadiran | G6: soal_1 | H6: soal_2 | I6: soal_3 | J6: soal_4 | K6: soal_5 | L6: soal_6 | M6: soal_7 | N6: soal_8 | O6: soal_9 | P6: soal_10 | Q6: soal_11 | R6: soal_12 | S6: soal_13 | T6: soal_14 | U6: soal_15 | V6: soal_16 | W6: soal_17 | X6: soal_18 | Y6: soal_19 | Z6: soal_20 | AA6: jumlah_terisi | AB6: catatan_validasi
A7: 1 | B7: 2501 | C7: 0051234001 | D7: Adinda Putri Rahayu | E7: P | F7: hadir | G7: A | H7: C | I7: B | J7: D | K7: A | L7: B | M7: C | N7: A | O7: D | P7: B | Q7: A | R7: C | S7: D | T7: B | U7: A | V7: C | W7: B | X7: D | Y7: A | Z7: C | AA7: =COUNTA(G7:Z7) -> 0 | AB7: =IF(F7="tidak_hadir","TIDAK HADIR",IF(AA7=20,"LENGKAP","BELUM LENGKAP")) -> 0
A8: 2 | B8: 2502 | C8: 0051234002 | D8: Bagus Prasetyo | E8: L | F8: hadir | G8: A | H8: C | I8: B | J8: D | K8: A | L8: B | M8: C | N8: A | O8: D | P8: B | Q8: A | R8: C | S8: D | T8: B | U8: A | V8: C | W8: B | X8: D | Y8: A | Z8: A | AA8: =COUNTA(G8:Z8) -> 0 | AB8: =IF(F8="tidak_hadir","TIDAK HADIR",IF(AA8=20,"LENGKAP","BELUM LENGKAP")) -> 0
A9: 3 | B9: 2503 | C9: 0051234003 | D9: Citra Dewi Lestari | E9: P | F9: hadir | G9: A | H9: C | I9: B | J9: D | K9: A | L9: B | M9: C | N9: A | O9: D | P9: B | Q9: A | R9: C | S9: D | T9: B | U9: A | V9: C | W9: B | X9: A | Y9: A | Z9: C | AA9: =COUNTA(G9:Z9) -> 0 | AB9: =IF(F9="tidak_hadir","TIDAK HADIR",IF(AA9=20,"LENGKAP","BELUM LENGKAP")) -> 0
A10: 4 | B10: 2504 | C10: 0051234004 | D10: Daffa Rahadian | E10: L | F10: hadir | G10: A | H10: C | I10: B | J10: D | K10: A | L10: B | M10: C | N10: A | O10: D | P10: A | Q10: A | R10: C | S10: D | T10: B | U10: A | V10: C | W10: A | X10: D | Y10: B | Z10: C | AA10: =COUNTA(G10:Z10) -> 0 | AB10: =IF(F10="tidak_hadir","TIDAK HADIR",IF(AA10=20,"LENGKAP","BELUM LENGKAP")) -> 0
A11: 5 | B11: 2505 | C11: 0051234005 | D11: Eka Safitri | E11: P | F11: hadir | G11: A | H11: C | I11: B | J11: D | K11: A | L11: B | M11: C | N11: A | O11: A | P11: B | Q11: A | R11: C | S11: A | T11: B | U11: A | V11: C | W11: A | X11: D | Y11: A | Z11: C | AA11: =COUNTA(G11:Z11) -> 0 | AB11: =IF(F11="tidak_hadir","TIDAK HADIR",IF(AA11=20,"LENGKAP","BELUM LENGKAP")) -> 0
A12: 6 | B12: 2506 | C12: 0051234006 | D12: Fajar Maulana | E12: L | F12: hadir | G12: A | H12: C | I12: B | J12: D | K12: A | L12: B | M12: A | N12: A | O12: D | P12: A | Q12: A | R12: A | S12: D | T12: B | U12: A | V12: C | W12: A | X12: A | Y12: A | Z12: C | AA12: =COUNTA(G12:Z12) -> 0 | AB12: =IF(F12="tidak_hadir","TIDAK HADIR",IF(AA12=20,"LENGKAP","BELUM LENGKAP")) -> 0
A13: 7 | B13: 2507 | C13: 0051234007 | D13: Gita Pramesti | E13: P | F13: hadir | G13: A | H13: C | I13: B | J13: A | K13: A | L13: B | M13: A | N13: A | O13: D | P13: A | Q13: A | R13: A | S13: D | T13: A | U13: A | V13: C | W13: A | X13: A | Y13: A | Z13: A | AA13: =COUNTA(G13:Z13) -> 0 | AB13: =IF(F13="tidak_hadir","TIDAK HADIR",IF(AA13=20,"LENGKAP","BELUM LENGKAP")) -> 0
A14: 8 | B14: 2508 | C14: 0051234008 | D14: Hendra Wijaya | E14: L | F14: hadir | G14: A | H14: C | I14: B | J14: A | K14: A | L14: A | M14: A | N14: A | O14: A | P14: B | Q14: A | R14: A | S14: A | T14: A | U14: A | V14: A | W14: A | X14: A | Y14: A | Z14: A | AA14: =COUNTA(G14:Z14) -> 0 | AB14: =IF(F14="tidak_hadir","TIDAK HADIR",IF(AA14=20,"LENGKAP","BELUM LENGKAP")) -> 0
A15: 9 | B15: 2509 | C15: 0051234009 | D15: Indah Permatasari | E15: P | F15: hadir | G15: A | H15: A | I15: A | J15: A | K15: A | L15: A | M15: A | N15: A | O15: A | P15: A | Q15: A | R15: A | S15: A | T15: A | U15: A | V15: A | W15: A | X15: A | Y15: A | Z15: A | AA15: =COUNTA(G15:Z15) -> 0 | AB15: =IF(F15="tidak_hadir","TIDAK HADIR",IF(AA15=20,"LENGKAP","BELUM LENGKAP")) -> 0
A16: 10 | B16: 2510 | C16: 0051234010 | D16: Joko Susanto | E16: L | F16: hadir | G16: B | H16: B | I16: A | J16: A | K16: B | L16: A | M16: A | N16: A | O16: A | P16: A | Q16: A | R16: A | S16: A | T16: A | U16: B | V16: A | W16: A | X16: A | Y16: B | Z16: A | AA16: =COUNTA(G16:Z16) -> 0 | AB16: =IF(F16="tidak_hadir","TIDAK HADIR",IF(AA16=20,"LENGKAP","BELUM LENGKAP")) -> 0

Sheet INPUT_SKOR_01
A1: 🔢 INPUT SKOR SISWA (BINER 0/1)
A3: Mata Pelajaran: | B3: Matematika | D3: Kelas: | E3: IX A
A4: Nama Ujian: | B4: UH 1 Matematika Kelas IX A | D4: Jumlah Soal: | E4: 20
A6: no | B6: nis | C6: nisn | D6: nama_siswa | E6: jenis_kelamin | F6: status_kehadiran | G6: skor_1 | H6: skor_2 | I6: skor_3 | J6: skor_4 | K6: skor_5 | L6: skor_6 | M6: skor_7 | N6: skor_8 | O6: skor_9 | P6: skor_10 | Q6: skor_11 | R6: skor_12 | S6: skor_13 | T6: skor_14 | U6: skor_15 | V6: skor_16 | W6: skor_17 | X6: skor_18 | Y6: skor_19 | Z6: skor_20 | AA6: jumlah_benar | AB6: nilai | AC6: keterangan
A7: 1 | B7: 2501 | C7: 0051234001 | D7: Adinda Putri Rahayu | E7: P | F7: hadir | G7: 1 | H7: 1 | I7: 1 | J7: 1 | K7: 1 | L7: 1 | M7: 1 | N7: 1 | O7: 1 | P7: 1 | Q7: 1 | R7: 1 | S7: 1 | T7: 1 | U7: 1 | V7: 1 | W7: 1 | X7: 1 | Y7: 1 | Z7: 1 | AA7: =SUM(G7:Z7) -> 0 | AB7: =(AA7/20)*100 -> 0 | AC7: =IF(F7="tidak_hadir","TIDAK HADIR",IF(AB7>=75,"TERCAPAI","PERLU PENINGKATAN")) -> 0
A8: 2 | B8: 2502 | C8: 0051234002 | D8: Bagus Prasetyo | E8: L | F8: hadir | G8: 1 | H8: 1 | I8: 1 | J8: 1 | K8: 1 | L8: 1 | M8: 1 | N8: 1 | O8: 1 | P8: 1 | Q8: 1 | R8: 1 | S8: 1 | T8: 1 | U8: 1 | V8: 1 | W8: 1 | X8: 1 | Y8: 1 | Z8: 0 | AA8: =SUM(G8:Z8) -> 0 | AB8: =(AA8/20)*100 -> 0 | AC8: =IF(F8="tidak_hadir","TIDAK HADIR",IF(AB8>=75,"TERCAPAI","PERLU PENINGKATAN")) -> 0
A9: 3 | B9: 2503 | C9: 0051234003 | D9: Citra Dewi Lestari | E9: P | F9: hadir | G9: 1 | H9: 1 | I9: 1 | J9: 1 | K9: 1 | L9: 1 | M9: 1 | N9: 1 | O9: 1 | P9: 1 | Q9: 1 | R9: 1 | S9: 1 | T9: 1 | U9: 1 | V9: 1 | W9: 1 | X9: 0 | Y9: 1 | Z9: 1 | AA9: =SUM(G9:Z9) -> 0 | AB9: =(AA9/20)*100 -> 0 | AC9: =IF(F9="tidak_hadir","TIDAK HADIR",IF(AB9>=75,"TERCAPAI","PERLU PENINGKATAN")) -> 0
A10: 4 | B10: 2504 | C10: 0051234004 | D10: Daffa Rahadian | E10: L | F10: hadir | G10: 1 | H10: 1 | I10: 1 | J10: 1 | K10: 1 | L10: 1 | M10: 1 | N10: 1 | O10: 1 | P10: 0 | Q10: 1 | R10: 1 | S10: 1 | T10: 1 | U10: 1 | V10: 1 | W10: 0 | X10: 1 | Y10: 0 | Z10: 1 | AA10: =SUM(G10:Z10) -> 0 | AB10: =(AA10/20)*100 -> 0 | AC10: =IF(F10="tidak_hadir","TIDAK HADIR",IF(AB10>=75,"TERCAPAI","PERLU PENINGKATAN")) -> 0
A11: 5 | B11: 2505 | C11: 0051234005 | D11: Eka Safitri | E11: P | F11: hadir | G11: 1 | H11: 1 | I11: 1 | J11: 1 | K11: 1 | L11: 1 | M11: 1 | N11: 1 | O11: 0 | P11: 1 | Q11: 1 | R11: 1 | S11: 0 | T11: 1 | U11: 1 | V11: 1 | W11: 0 | X11: 1 | Y11: 1 | Z11: 1 | AA11: =SUM(G11:Z11) -> 0 | AB11: =(AA11/20)*100 -> 0 | AC11: =IF(F11="tidak_hadir","TIDAK HADIR",IF(AB11>=75,"TERCAPAI","PERLU PENINGKATAN")) -> 0
A12: 6 | B12: 2506 | C12: 0051234006 | D12: Fajar Maulana | E12: L | F12: hadir | G12: 1 | H12: 1 | I12: 1 | J12: 1 | K12: 1 | L12: 1 | M12: 0 | N12: 1 | O12: 1 | P12: 0 | Q12: 1 | R12: 0 | S12: 1 | T12: 1 | U12: 1 | V12: 1 | W12: 0 | X12: 0 | Y12: 1 | Z12: 1 | AA12: =SUM(G12:Z12) -> 0 | AB12: =(AA12/20)*100 -> 0 | AC12: =IF(F12="tidak_hadir","TIDAK HADIR",IF(AB12>=75,"TERCAPAI","PERLU PENINGKATAN")) -> 0
A13: 7 | B13: 2507 | C13: 0051234007 | D13: Gita Pramesti | E13: P | F13: hadir | G13: 1 | H13: 1 | I13: 1 | J13: 0 | K13: 1 | L13: 1 | M13: 0 | N13: 1 | O13: 1 | P13: 0 | Q13: 1 | R13: 0 | S13: 1 | T13: 0 | U13: 1 | V13: 1 | W13: 0 | X13: 0 | Y13: 1 | Z13: 0 | AA13: =SUM(G13:Z13) -> 0 | AB13: =(AA13/20)*100 -> 0 | AC13: =IF(F13="tidak_hadir","TIDAK HADIR",IF(AB13>=75,"TERCAPAI","PERLU PENINGKATAN")) -> 0
A14: 8 | B14: 2508 | C14: 0051234008 | D14: Hendra Wijaya | E14: L | F14: hadir | G14: 1 | H14: 1 | I14: 1 | J14: 0 | K14: 1 | L14: 0 | M14: 0 | N14: 1 | O14: 0 | P14: 1 | Q14: 1 | R14: 0 | S14: 0 | T14: 0 | U14: 1 | V14: 0 | W14: 0 | X14: 0 | Y14: 1 | Z14: 0 | AA14: =SUM(G14:Z14) -> 0 | AB14: =(AA14/20)*100 -> 0 | AC14: =IF(F14="tidak_hadir","TIDAK HADIR",IF(AB14>=75,"TERCAPAI","PERLU PENINGKATAN")) -> 0
A15: 9 | B15: 2509 | C15: 0051234009 | D15: Indah Permatasari | E15: P | F15: hadir | G15: 1 | H15: 0 | I15: 0 | J15: 0 | K15: 1 | L15: 0 | M15: 0 | N15: 1 | O15: 0 | P15: 0 | Q15: 1 | R15: 0 | S15: 0 | T15: 0 | U15: 1 | V15: 0 | W15: 0 | X15: 0 | Y15: 1 | Z15: 0 | AA15: =SUM(G15:Z15) -> 0 | AB15: =(AA15/20)*100 -> 0 | AC15: =IF(F15="tidak_hadir","TIDAK HADIR",IF(AB15>=75,"TERCAPAI","PERLU PENINGKATAN")) -> 0
A16: 10 | B16: 2510 | C16: 0051234010 | D16: Joko Susanto | E16: L | F16: hadir | G16: 0 | H16: 0 | I16: 0 | J16: 0 | K16: 0 | L16: 0 | M16: 0 | N16: 1 | O16: 0 | P16: 0 | Q16: 1 | R16: 0 | S16: 0 | T16: 0 | U16: 0 | V16: 0 | W16: 0 | X16: 0 | Y16: 0 | Z16: 0 | AA16: =SUM(G16:Z16) -> 0 | AB16: =(AA16/20)*100 -> 0 | AC16: =IF(F16="tidak_hadir","TIDAK HADIR",IF(AB16>=75,"TERCAPAI","PERLU PENINGKATAN")) -> 0

Sheet HASIL_T1
A1: 📊 HASIL T1 — KONVERSI JAWABAN MENJADI SKOR 0/1
A4: no | B4: nis | C4: nisn | D4: nama_siswa | E4: jenis_kelamin | F4: status_kehadiran | G4: skor_1 | H4: skor_2 | I4: skor_3 | J4: skor_4 | K4: skor_5 | L4: skor_6 | M4: skor_7 | N4: skor_8 | O4: skor_9 | P4: skor_10 | Q4: skor_11 | R4: skor_12 | S4: skor_13 | T4: skor_14 | U4: skor_15 | V4: skor_16 | W4: skor_17 | X4: skor_18 | Y4: skor_19 | Z4: skor_20 | AA4: jumlah_benar | AB4: jumlah_salah | AC4: nilai | AD4: keterangan
A5: 1 | B5: =INPUT_SKOR_01!B7 -> 0 | C5: =INPUT_SKOR_01!C7 -> 0 | D5: =INPUT_SKOR_01!D7 -> 0 | E5: =INPUT_SKOR_01!E7 -> 0 | F5: =INPUT_SKOR_01!F7 -> 0 | G5: =INPUT_SKOR_01!G7 -> 0 | H5: =INPUT_SKOR_01!H7 -> 0 | I5: =INPUT_SKOR_01!I7 -> 0 | ... Z5: =INPUT_SKOR_01!Z7 -> 0 | AA5: =SUM(G5:Z5) -> 0 | AB5: =20-AA5 -> 0 | AC5: =IF(20=0,0,AA5/20*100) -> 0 | AD5: =IF(F5="tidak_hadir","TIDAK HADIR",IF(AC5>=75,"TERCAPAI","PERLU PENINGKATAN")) -> 0
A6: 2 | B6: =INPUT_SKOR_01!B8 -> 0 | C6: =INPUT_SKOR_01!C8 -> 0 | D6: =INPUT_SKOR_01!D8 -> 0 | E6: =INPUT_SKOR_01!E8 -> 0 | F6: =INPUT_SKOR_01!F8 -> 0 | G6: =INPUT_SKOR_01!G8 -> 0 | H6: =INPUT_SKOR_01!H8 -> 0 | I6: =INPUT_SKOR_01!I8 -> 0 | ... Z6: =INPUT_SKOR_01!Z8 -> 0 | AA6: =SUM(G6:Z6) -> 0 | AB6: =20-AA6 -> 0 | AC6: =IF(20=0,0,AA6/20*100) -> 0 | AD6: =IF(F6="tidak_hadir","TIDAK HADIR",IF(AC6>=75,"TERCAPAI","PERLU PENINGKATAN")) -> 0
A7: 3 | B7: =INPUT_SKOR_01!B9 -> 0 | C7: =INPUT_SKOR_01!C9 -> 0 | D7: =INPUT_SKOR_01!D9 -> 0 | E7: =INPUT_SKOR_01!E9 -> 0 | F7: =INPUT_SKOR_01!F9 -> 0 | G7: =INPUT_SKOR_01!G9 -> 0 | H7: =INPUT_SKOR_01!H9 -> 0 | I7: =INPUT_SKOR_01!I9 -> 0 | ... Z7: =INPUT_SKOR_01!Z9 -> 0 | AA7: =SUM(G7:Z7) -> 0 | AB7: =20-AA7 -> 0 | AC7: =IF(20=0,0,AA7/20*100) -> 0 | AD7: =IF(F7="tidak_hadir","TIDAK HADIR",IF(AC7>=75,"TERCAPAI","PERLU PENINGKATAN")) -> 0
A8: 4 | B8: =INPUT_SKOR_01!B10 -> 0 | C8: =INPUT_SKOR_01!C10 -> 0 | D8: =INPUT_SKOR_01!D10 -> 0 | E8: =INPUT_SKOR_01!E10 -> 0 | F8: =INPUT_SKOR_01!F10 -> 0 | G8: =INPUT_SKOR_01!G10 -> 0 | H8: =INPUT_SKOR_01!H10 -> 0 | I8: =INPUT_SKOR_01!I10 -> 0 | ... Z8: =INPUT_SKOR_01!Z10 -> 0 | AA8: =SUM(G8:Z8) -> 0 | AB8: =20-AA8 -> 0 | AC8: =IF(20=0,0,AA8/20*100) -> 0 | AD8: =IF(F8="tidak_hadir","TIDAK HADIR",IF(AC8>=75,"TERCAPAI","PERLU PENINGKATAN")) -> 0
A9: 5 | B9: =INPUT_SKOR_01!B11 -> 0 | C9: =INPUT_SKOR_01!C11 -> 0 | D9: =INPUT_SKOR_01!D11 -> 0 | E9: =INPUT_SKOR_01!E11 -> 0 | F9: =INPUT_SKOR_01!F11 -> 0 | G9: =INPUT_SKOR_01!G11 -> 0 | H9: =INPUT_SKOR_01!H11 -> 0 | I9: =INPUT_SKOR_01!I11 -> 0 | ... Z9: =INPUT_SKOR_01!Z11 -> 0 | AA9: =SUM(G9:Z9) -> 0 | AB9: =20-AA9 -> 0 | AC9: =IF(20=0,0,AA9/20*100) -> 0 | AD9: =IF(F9="tidak_hadir","TIDAK HADIR",IF(AC9>=75,"TERCAPAI","PERLU PENINGKATAN")) -> 0
A10: 6 | B10: =INPUT_SKOR_01!B12 -> 0 | C10: =INPUT_SKOR_01!C12 -> 0 | D10: =INPUT_SKOR_01!D12 -> 0 | E10: =INPUT_SKOR_01!E12 -> 0 | F10: =INPUT_SKOR_01!F12 -> 0 | G10: =INPUT_SKOR_01!G12 -> 0 | H10: =INPUT_SKOR_01!H12 -> 0 | I10: =INPUT_SKOR_01!I12 -> 0 | ... Z10: =INPUT_SKOR_01!Z12 -> 0 | AA10: =SUM(G10:Z10) -> 0 | AB10: =20-AA10 -> 0 | AC10: =IF(20=0,0,AA10/20*100) -> 0 | AD10: =IF(F10="tidak_hadir","TIDAK HADIR",IF(AC10>=75,"TERCAPAI","PERLU PENINGKATAN")) -> 0
A11: 7 | B11: =INPUT_SKOR_01!B13 -> 0 | C11: =INPUT_SKOR_01!C13 -> 0 | D11: =INPUT_SKOR_01!D13 -> 0 | E11: =INPUT_SKOR_01!E13 -> 0 | F11: =INPUT_SKOR_01!F13 -> 0 | G11: =INPUT_SKOR_01!G13 -> 0 | H11: =INPUT_SKOR_01!H13 -> 0 | I11: =INPUT_SKOR_01!I13 -> 0 | ... Z11: =INPUT_SKOR_01!Z13 -> 0 | AA11: =SUM(G11:Z11) -> 0 | AB11: =20-AA11 -> 0 | AC11: =IF(20=0,0,AA11/20*100) -> 0 | AD11: =IF(F11="tidak_hadir","TIDAK HADIR",IF(AC11>=75,"TERCAPAI","PERLU PENINGKATAN")) -> 0
A12: 8 | B12: =INPUT_SKOR_01!B14 -> 0 | C12: =INPUT_SKOR_01!C14 -> 0 | D12: =INPUT_SKOR_01!D14 -> 0 | E12: =INPUT_SKOR_01!E14 -> 0 | F12: =INPUT_SKOR_01!F14 -> 0 | G12: =INPUT_SKOR_01!G14 -> 0 | H12: =INPUT_SKOR_01!H14 -> 0 | I12: =INPUT_SKOR_01!I14 -> 0 | ... Z12: =INPUT_SKOR_01!Z14 -> 0 | AA12: =SUM(G12:Z12) -> 0 | AB12: =20-AA12 -> 0 | AC12: =IF(20=0,0,AA12/20*100) -> 0 | AD12: =IF(F12="tidak_hadir","TIDAK HADIR",IF(AC12>=75,"TERCAPAI","PERLU PENINGKATAN")) -> 0
A13: 9 | B13: =INPUT_SKOR_01!B15 -> 0 | C13: =INPUT_SKOR_01!C15 -> 0 | D13: =INPUT_SKOR_01!D15 -> 0 | E13: =INPUT_SKOR_01!E15 -> 0 | F13: =INPUT_SKOR_01!F15 -> 0 | G13: =INPUT_SKOR_01!G15 -> 0 | H13: =INPUT_SKOR_01!H15 -> 0 | I13: =INPUT_SKOR_01!I15 -> 0 | ... Z13: =INPUT_SKOR_01!Z15 -> 0 | AA13: =SUM(G13:Z13) -> 0 | AB13: =20-AA13 -> 0 | AC13: =IF(20=0,0,AA13/20*100) -> 0 | AD13: =IF(F13="tidak_hadir","TIDAK HADIR",IF(AC13>=75,"TERCAPAI","PERLU PENINGKATAN")) -> 0
A14: 10 | B14: =INPUT_SKOR_01!B16 -> 0 | C14: =INPUT_SKOR_01!C16 -> 0 | D14: =INPUT_SKOR_01!D16 -> 0 | E14: =INPUT_SKOR_01!E16 -> 0 | F14: =INPUT_SKOR_01!F16 -> 0 | G14: =INPUT_SKOR_01!G16 -> 0 | H14: =INPUT_SKOR_01!H16 -> 0 | I14: =INPUT_SKOR_01!I16 -> 0 | ... Z14: =INPUT_SKOR_01!Z16 -> 0 | AA14: =SUM(G14:Z14) -> 0 | AB14: =20-AA14 -> 0 | AC14: =IF(20=0,0,AA14/20*100) -> 0 | AD14: =IF(F14="tidak_hadir","TIDAK HADIR",IF(AC14>=75,"TERCAPAI","PERLU PENINGKATAN")) -> 0

Sheet OLAH_T2
A1: 🔄 OLAH T2 — RANKING DAN KELOMPOK SISWA
A4: ranking | B4: nis | C4: nisn | D4: nama_siswa | E4: jenis_kelamin | F4: status_kehadiran | G4: nilai | H4: kelompok
A5: =IF(G5="","",_xlfn.RANK.EQ(G5,G5:G14,0)) -> 0 | B5: =HASIL_T1!B5 -> 0 | C5: =HASIL_T1!C5 -> 0 | D5: =HASIL_T1!D5 -> 0 | E5: =HASIL_T1!E5 -> 0 | F5: =HASIL_T1!F5 -> 0 | G5: =HASIL_T1!AC5 -> 0 | H5: =IF(F5<>"hadir","tengah",IF(A5<=ROUNDUP(COUNTA(D5:D14)*0.27,0),"atas",IF(A5>COUNTA(D5:D14)-ROUNDUP(COUNTA(D5:D14)*0.27,0),"bawah","tengah"))) -> 0
A6: =IF(G6="","",_xlfn.RANK.EQ(G6,G5:G14,0)) -> 0 | B6: =HASIL_T1!B6 -> 0 | C6: =HASIL_T1!C6 -> 0 | D6: =HASIL_T1!D6 -> 0 | E6: =HASIL_T1!E6 -> 0 | F6: =HASIL_T1!F6 -> 0 | G6: =HASIL_T1!AC6 -> 0 | H6: =IF(F6<>"hadir","tengah",IF(A6<=ROUNDUP(COUNTA(D5:D14)*0.27,0),"atas",IF(A6>COUNTA(D5:D14)-ROUNDUP(COUNTA(D5:D14)*0.27,0),"bawah","tengah"))) -> 0
A7: =IF(G7="","",_xlfn.RANK.EQ(G7,G5:G14,0)) -> 0 | B7: =HASIL_T1!B7 -> 0 | C7: =HASIL_T1!C7 -> 0 | D7: =HASIL_T1!D7 -> 0 | E7: =HASIL_T1!E7 -> 0 | F7: =HASIL_T1!F7 -> 0 | G7: =HASIL_T1!AC7 -> 0 | H7: =IF(F7<>"hadir","tengah",IF(A7<=ROUNDUP(COUNTA(D5:D14)*0.27,0),"atas",IF(A7>COUNTA(D5:D14)-ROUNDUP(COUNTA(D5:D14)*0.27,0),"bawah","tengah"))) -> 0
A8: =IF(G8="","",_xlfn.RANK.EQ(G8,G5:G14,0)) -> 0 | B8: =HASIL_T1!B8 -> 0 | C8: =HASIL_T1!C8 -> 0 | D8: =HASIL_T1!D8 -> 0 | E8: =HASIL_T1!E8 -> 0 | F8: =HASIL_T1!F8 -> 0 | G8: =HASIL_T1!AC8 -> 0 | H8: =IF(F8<>"hadir","tengah",IF(A8<=ROUNDUP(COUNTA(D5:D14)*0.27,0),"atas",IF(A8>COUNTA(D5:D14)-ROUNDUP(COUNTA(D5:D14)*0.27,0),"bawah","tengah"))) -> 0
A9: =IF(G9="","",_xlfn.RANK.EQ(G9,G5:G14,0)) -> 0 | B9: =HASIL_T1!B9 -> 0 | C9: =HASIL_T1!C9 -> 0 | D9: =HASIL_T1!D9 -> 0 | E9: =HASIL_T1!E9 -> 0 | F9: =HASIL_T1!F9 -> 0 | G9: =HASIL_T1!AC9 -> 0 | H9: =IF(F9<>"hadir","tengah",IF(A9<=ROUNDUP(COUNTA(D5:D14)*0.27,0),"atas",IF(A9>COUNTA(D5:D14)-ROUNDUP(COUNTA(D5:D14)*0.27,0),"bawah","tengah"))) -> 0
A10: =IF(G10="","",_xlfn.RANK.EQ(G10,G5:G14,0)) -> 0 | B10: =HASIL_T1!B10 -> 0 | C10: =HASIL_T1!C10 -> 0 | D10: =HASIL_T1!D10 -> 0 | E10: =HASIL_T1!E10 -> 0 | F10: =HASIL_T1!F10 -> 0 | G10: =HASIL_T1!AC10 -> 0 | H10: =IF(F10<>"hadir","tengah",IF(A10<=ROUNDUP(COUNTA(D5:D14)*0.27,0),"atas",IF(A10>COUNTA(D5:D14)-ROUNDUP(COUNTA(D5:D14)*0.27,0),"bawah","tengah"))) -> 0
A11: =IF(G11="","",_xlfn.RANK.EQ(G11,G5:G14,0)) -> 0 | B11: =HASIL_T1!B11 -> 0 | C11: =HASIL_T1!C11 -> 0 | D11: =HASIL_T1!D11 -> 0 | E11: =HASIL_T1!E11 -> 0 | F11: =HASIL_T1!F11 -> 0 | G11: =HASIL_T1!AC11 -> 0 | H11: =IF(F11<>"hadir","tengah",IF(A11<=ROUNDUP(COUNTA(D5:D14)*0.27,0),"atas",IF(A11>COUNTA(D5:D14)-ROUNDUP(COUNTA(D5:D14)*0.27,0),"bawah","tengah"))) -> 0
A12: =IF(G12="","",_xlfn.RANK.EQ(G12,G5:G14,0)) -> 0 | B12: =HASIL_T1!B12 -> 0 | C12: =HASIL_T1!C12 -> 0 | D12: =HASIL_T1!D12 -> 0 | E12: =HASIL_T1!E12 -> 0 | F12: =HASIL_T1!F12 -> 0 | G12: =HASIL_T1!AC12 -> 0 | H12: =IF(F12<>"hadir","tengah",IF(A12<=ROUNDUP(COUNTA(D5:D14)*0.27,0),"atas",IF(A12>COUNTA(D5:D14)-ROUNDUP(COUNTA(D5:D14)*0.27,0),"bawah","tengah"))) -> 0
A13: =IF(G13="","",_xlfn.RANK.EQ(G13,G5:G14,0)) -> 0 | B13: =HASIL_T1!B13 -> 0 | C13: =HASIL_T1!C13 -> 0 | D13: =HASIL_T1!D13 -> 0 | E13: =HASIL_T1!E13 -> 0 | F13: =HASIL_T1!F13 -> 0 | G13: =HASIL_T1!AC13 -> 0 | H13: =IF(F13<>"hadir","tengah",IF(A13<=ROUNDUP(COUNTA(D5:D14)*0.27,0),"atas",IF(A13>COUNTA(D5:D14)-ROUNDUP(COUNTA(D5:D14)*0.27,0),"bawah","tengah"))) -> 0
A14: =IF(G14="","",_xlfn.RANK.EQ(G14,G5:G14,0)) -> 0 | B14: =HASIL_T1!B14 -> 0 | C14: =HASIL_T1!C14 -> 0 | D14: =HASIL_T1!D14 -> 0 | E14: =HASIL_T1!E14 -> 0 | F14: =HASIL_T1!F14 -> 0 | G14: =HASIL_T1!AC14 -> 0 | H14: =IF(F14<>"hadir","tengah",IF(A14<=ROUNDUP(COUNTA(D5:D14)*0.27,0),"atas",IF(A14>COUNTA(D5:D14)-ROUNDUP(COUNTA(D5:D14)*0.27,0),"bawah","tengah"))) -> 0

Sheet ANALISIS_T3
A1: 📈 ANALISIS BUTIR SOAL (TINGKAT KESUKARAN & DAYA PEMBEDA)
A3: Mata Pelajaran: | B3: Matematika | G3: Kelas: | H3: IX A
A4: Nama Ujian: | B4: UH 1 Matematika Kelas IX A | G4: KKTP/KKM: | H4: 75
A6: No Soal | B6: Kode TP | C6: BA | D6: BB | E6: JA | F6: JB | G6: DP | H6: Kategori DP | I6: TK | J6: Kategori TK | K6: Keputusan
A7: 1 | B7: TP 1 | C7: 5 | D7: 4 | E7: 5 | F7: 5 | G7: 0.2 | H7: Buang | I7: 0.9 | J7: Mudah | K7: Buang
A8: 2 | B8: TP 1 | C8: 5 | D8: 3 | E8: 5 | F8: 5 | G8: 0.4 | H8: Baik | I8: 0.8 | J8: Mudah | K8: Dipakai dengan catatan
A9: 3 | B9: TP 1 | C9: 5 | D9: 3 | E9: 5 | F9: 5 | G9: 0.4 | H9: Baik | I9: 0.8 | J9: Mudah | K9: Dipakai dengan catatan
A10: 4 | B10: TP 1 | C10: 5 | D10: 1 | E10: 5 | F10: 5 | G10: 0.8 | H10: Baik | I10: 0.6 | J10: Sedang | K10: Dipakai
A11: 5 | B11: TP 1 | C11: 5 | D11: 4 | E11: 5 | F11: 5 | G11: 0.2 | H11: Buang | I11: 0.9 | J11: Mudah | K11: Buang
A12: 6 | B12: TP 1 | C12: 5 | D12: 2 | E12: 5 | F12: 5 | G12: 0.6 | H12: Baik | I12: 0.7 | J12: Sedang | K12: Dipakai
A13: 7 | B13: TP 1 | C13: 5 | D13: 0 | E13: 5 | F13: 5 | G13: 1 | H13: Baik | I13: 0.5 | J13: Sedang | K13: Dipakai
A14: 8 | B14: TP 1 | C14: 5 | D14: 5 | E14: 5 | F14: 5 | G14: 0 | H14: Buang | I14: 1 | J14: Mudah | K14: Buang
A15: 9 | B15: TP 1 | C15: 4 | D15: 2 | E15: 5 | F15: 5 | G15: 0.4 | H15: Baik | I15: 0.6 | J15: Sedang | K15: Dipakai
A16: 10 | B16: TP 1 | C16: 4 | D16: 1 | E16: 5 | F16: 5 | G16: 0.6 | H16: Baik | I16: 0.5 | J16: Sedang | K16: Dipakai
A17: 11 | B17: TP 1 | C17: 5 | D17: 5 | E17: 5 | F17: 5 | G17: 0 | H17: Buang | I17: 1 | J17: Mudah | K17: Buang
A18: 12 | B18: TP 1 | C18: 5 | D18: 0 | E18: 5 | F18: 5 | G18: 1 | H18: Baik | I18: 0.5 | J18: Sedang | K18: Dipakai
... A26: 20 | B26: TP 1 | C26: 4 | D26: 1 | E26: 5 | F26: 5 | G26: 0.6 | H26: Baik | I26: 0.5 | J26: Sedang | K26: Dipakai
A29: 📊 RINGKASAN HASIL BUTIR SOAL | D29: ✅ Soal Baik / Diterima | E29: =COUNTIF(K7:K26, "*terima*") + COUNTIF(K7:K26, "*Baik*") + COUNTIF(K7:K26, "*pakai*") -> 0
D30: ⚡ Soal Perlu Revisi | E30: =COUNTIF(K7:K26, "*revisi*") + COUNTIF(K7:K26, "*perbaiki*") -> 0
D31: ❌ Soal Dibuang | E31: =COUNTIF(K7:K26, "*buang*") -> 0
D32: 🟢 Total Soal Mudah | E32: =COUNTIF(J7:J26, "*Mudah*") -> 0
D33: 🟡 Total Soal Sedang | E33: =COUNTIF(J7:J26, "*Sedang*") -> 0
D34: 🔴 Total Soal Sukar | E34: =COUNTIF(J7:J26, "*Sukar*") -> 0

Sheet DAFTAR_NILAI_T4
A1: 📝 DAFTAR NILAI EVALUASI BELAJAR
A2: SMP NEGERI 2 TASIKMALAYA
A4: Mata Pelajaran: | B4: Matematika | F4: Kelas: | G4: IX A
A5: Nama Ujian: | B5: UH 1 Matematika Kelas IX A | F5: Semester: | G5: Ganjil
A6: Nama Guru: | B6: Siti Nurhaliza, S.Pd. | F6: Tahun Ajaran: | G6: 2025/2026
A7: KKTP/KKM: | B7: 75 | F7: Tanggal Cetak: | G7: 26/06/2026 07:30
A9: No | B9: NIS | C9: NISN | D9: Nama Murid | E9: L/P | F9: Status Kehadiran | G9: Jumlah Benar | H9: Jumlah Salah | I9: Nilai | J9: Keterangan
A10: 1 | B10: =INPUT_SKOR_01!B7 -> 0 | C10: =INPUT_SKOR_01!C7 -> 0 | D10: =INPUT_SKOR_01!D7 -> 0 | E10: =INPUT_SKOR_01!E7 -> 0 | F10: =INPUT_SKOR_01!F7 -> 0 | G10: =INPUT_SKOR_01!AA7 -> 0 | H10: =20-G10 -> 0 | I10: =INPUT_SKOR_01!AB7 -> 0 | J10: =INPUT_SKOR_01!AC7 -> 0
A11: 2 | B11: =INPUT_SKOR_01!B8 -> 0 | C11: =INPUT_SKOR_01!C8 -> 0 | D11: =INPUT_SKOR_01!D8 -> 0 | E11: =INPUT_SKOR_01!E8 -> 0 | F11: =INPUT_SKOR_01!F8 -> 0 | G11: =INPUT_SKOR_01!AA8 -> 0 | H11: =20-G11 -> 0 | I11: =INPUT_SKOR_01!AB8 -> 0 | J11: =INPUT_SKOR_01!AC8 -> 0
A12: 3 | B12: =INPUT_SKOR_01!B9 -> 0 | C12: =INPUT_SKOR_01!C9 -> 0 | D12: =INPUT_SKOR_01!D9 -> 0 | E12: =INPUT_SKOR_01!E9 -> 0 | F12: =INPUT_SKOR_01!F9 -> 0 | G12: =INPUT_SKOR_01!AA9 -> 0 | H12: =20-G12 -> 0 | I12: =INPUT_SKOR_01!AB9 -> 0 | J12: =INPUT_SKOR_01!AC9 -> 0
A13: 4 | B13: =INPUT_SKOR_01!B10 -> 0 | C13: =INPUT_SKOR_01!C10 -> 0 | D13: =INPUT_SKOR_01!D10 -> 0 | E13: =INPUT_SKOR_01!E10 -> 0 | F13: =INPUT_SKOR_01!F10 -> 0 | G13: =INPUT_SKOR_01!AA10 -> 0 | H13: =20-G13 -> 0 | I13: =INPUT_SKOR_01!AB10 -> 0 | J13: =INPUT_SKOR_01!AC10 -> 0
A14: 5 | B14: =INPUT_SKOR_01!B11 -> 0 | C14: =INPUT_SKOR_01!C11 -> 0 | D14: =INPUT_SKOR_01!D11 -> 0 | E14: =INPUT_SKOR_01!E11 -> 0 | F14: =INPUT_SKOR_01!F11 -> 0 | G14: =INPUT_SKOR_01!AA11 -> 0 | H14: =20-G14 -> 0 | I14: =INPUT_SKOR_01!AB11 -> 0 | J14: =INPUT_SKOR_01!AC11 -> 0
A15: 6 | B15: =INPUT_SKOR_01!B12 -> 0 | C15: =INPUT_SKOR_01!C12 -> 0 | D15: =INPUT_SKOR_01!D12 -> 0 | E15: =INPUT_SKOR_01!E12 -> 0 | F15: =INPUT_SKOR_01!F12 -> 0 | G15: =INPUT_SKOR_01!AA12 -> 0 | H15: =20-G15 -> 0 | I15: =INPUT_SKOR_01!AB12 -> 0 | J15: =INPUT_SKOR_01!AC12 -> 0
A16: 7 | B16: =INPUT_SKOR_01!B13 -> 0 | C16: =INPUT_SKOR_01!C13 -> 0 | D16: =INPUT_SKOR_01!D13 -> 0 | E16: =INPUT_SKOR_01!E13 -> 0 | F16: =INPUT_SKOR_01!F13 -> 0 | G16: =INPUT_SKOR_01!AA13 -> 0 | H16: =20-G16 -> 0 | I16: =INPUT_SKOR_01!AB13 -> 0 | J16: =INPUT_SKOR_01!AC13 -> 0
A17: 8 | B17: =INPUT_SKOR_01!B14 -> 0 | C17: =INPUT_SKOR_01!C14 -> 0 | D17: =INPUT_SKOR_01!D14 -> 0 | E17: =INPUT_SKOR_01!E14 -> 0 | F17: =INPUT_SKOR_01!F14 -> 0 | G17: =INPUT_SKOR_01!AA14 -> 0 | H17: =20-G17 -> 0 | I17: =INPUT_SKOR_01!AB14 -> 0 | J17: =INPUT_SKOR_01!AC14 -> 0
A18: 9 | B18: =INPUT_SKOR_01!B15 -> 0 | C18: =INPUT_SKOR_01!C15 -> 0 | D18: =INPUT_SKOR_01!D15 -> 0 | E18: =INPUT_SKOR_01!E15 -> 0 | F18: =INPUT_SKOR_01!F15 -> 0 | G18: =INPUT_SKOR_01!AA15 -> 0 | H18: =20-G18 -> 0 | I18: =INPUT_SKOR_01!AB15 -> 0 | J18: =INPUT_SKOR_01!AC15 -> 0
A19: 10 | B19: =INPUT_SKOR_01!B16 -> 0 | C19: =INPUT_SKOR_01!C16 -> 0 | D19: =INPUT_SKOR_01!D16 -> 0 | E19: =INPUT_SKOR_01!E16 -> 0 | F19: =INPUT_SKOR_01!F16 -> 0 | G19: =INPUT_SKOR_01!AA16 -> 0 | H19: =20-G19 -> 0 | I19: =INPUT_SKOR_01!AB16 -> 0 | J19: =INPUT_SKOR_01!AC16 -> 0
A22: STATISTIK HASIL EVALUASI | E22: Jumlah Siswa | F22: =COUNTA(D10:D19) -> 0
E23: Siswa Hadir | F23: =COUNTIF(F10:F19, "hadir") -> 0
E24: Siswa Tidak Hadir | F24: =COUNTIF(F10:F19, "tidak_hadir") + COUNTIF(F10:F19, "izin") + COUNTIF(F10:F19, "sakit") + COUNTIF(F10:F19, "alfa") -> 0
E25: Nilai Tertinggi | F25: =MAX(I10:I19) -> 0
E26: Nilai Terendah | F26: =MIN(I10:I19) -> 0
E27: Rata-rata Kelas | F27: =AVERAGE(I10:I19) -> 0
E28: Ketuntasan (Tercapai) | F28: =COUNTIF(J10:J19, "TERCAPAI") -> 0
E29: Perlu Peningkatan | F29: =COUNTIF(J10:J19, "PERLU PENINGKATAN") -> 0

Sheet REKAP_NILAI_T5
A1: 📋 REKAPITULASI ADMINISTRASI PENILAIAN GURU
A2: SMP NEGERI 2 TASIKMALAYA - SIABSoal
A4: IDENTITAS UJIAN | E4: STATISTIK PENILAIAN
A5: Nama Ujian | B5: UH 1 Matematika Kelas IX A | E5: Nilai Tertinggi | F5: ='DAFTAR_NILAI_T4'!F25 -> 0
A6: Jenis Penilaian | B6: Ulangan Harian | E6: Nilai Terendah | F6: ='DAFTAR_NILAI_T4'!F26 -> 0
A7: Guru Pengampu | B7: Siti Nurhaliza, S.Pd. | E7: Rata-rata Kelas | F7: ='DAFTAR_NILAI_T4'!F27 -> 0
A8: Mata Pelajaran | B8: Matematika | E8: Siswa Tuntas (>= KKTP) | F8: ='DAFTAR_NILAI_T4'!F28 -> 0
A9: Kelas | B9: IX A | E9: Belum Tuntas (< KKTP) | F9: ='DAFTAR_NILAI_T4'!F29 -> 0
A10: KKTP/KKM | B10: 75
A12: REKAP KEHADIRAN | E12: REKAP KUALITAS SOAL
A13: Jumlah Siswa | B13: ='DAFTAR_NILAI_T4'!F22 -> 0 | E13: Soal Baik / Diterima | F13: =ANALISIS_T3!E29 -> 0
A14: Hadir | B14: ='DAFTAR_NILAI_T4'!F23 -> 0 | E14: Soal Perlu Revisi | F14: =ANALISIS_T3!E30 -> 0
A15: Tidak Hadir | B15: ='DAFTAR_NILAI_T4'!F24 -> 0 | E15: Soal Dibuang | F15: =ANALISIS_T3!E31 -> 0
E16: Kategori Mudah | F16: =ANALISIS_T3!E32 -> 0
E17: Kategori Sedang | F17: =ANALISIS_T3!E33 -> 0
E18: Kategori Sukar | F18: =ANALISIS_T3!E34 -> 0
A21: KESIMPULAN EVALUASI GURU
A22: ="Berdasarkan hasil penilaian pada mata pelajaran " & B8 & " kelas " & B9 & ", dari total " & TEXT(B12,"0") & " siswa, sebanyak " & TEXT(B13,"0") & " siswa mengikuti ujian dan " & TEXT(B14,"0") & " siswa berhalangan hadir. Rata-rata nilai kelas diperoleh " & TEXT(F7,"0.00") & " dengan nilai tertinggi " & TEXT(F5,"0") & " dan terendah " & TEXT(F6,"0") & ". Sebanyak " & TEXT(F8,"0") & " siswa telah mencapai kriteria ketuntasan (KKTP), sedangkan " & TEXT(F9,"0") & " siswa memerlukan bimbingan remedial." -> 0

Sheet DATA_IMPORT_SYSTEM
A1: nis | B1: nisn | C1: nama_siswa | D1: jenis_kelamin | E1: status_kehadiran | F1: skor_1 | G1: skor_2 | H1: skor_3 | I1: skor_4 | J1: skor_5 | K1: skor_6 | L1: skor_7 | M1: skor_8 | N1: skor_9 | O1: skor_10 | P1: skor_11 | Q1: skor_12 | R1: skor_13 | S1: skor_14 | T1: skor_15 | U1: skor_16 | V1: skor_17 | W1: skor_18 | X1: skor_19 | Y1: skor_20
A2: =INPUT_SKOR_01!B7 -> 0 | B2: =INPUT_SKOR_01!C7 -> 0 | C2: =INPUT_SKOR_01!D7 -> 0 | D2: =INPUT_SKOR_01!E7 -> 0 | E2: =INPUT_SKOR_01!F7 -> 0 | F2: =INPUT_SKOR_01!G7 -> 0 | G2: =INPUT_SKOR_01!H7 -> 0 | H2: =INPUT_SKOR_01!I7 -> 0 | ... Y2: =INPUT_SKOR_01!Z7 -> 0
A3: =INPUT_SKOR_01!B8 -> 0 | B3: =INPUT_SKOR_01!C8 -> 0 | C3: =INPUT_SKOR_01!D8 -> 0 | D3: =INPUT_SKOR_01!E8 -> 0 | E3: =INPUT_SKOR_01!F8 -> 0 | F3: =INPUT_SKOR_01!G8 -> 0 | G3: =INPUT_SKOR_01!H8 -> 0 | H3: =INPUT_SKOR_01!I8 -> 0 | ... Y3: =INPUT_SKOR_01!Z8 -> 0
A4: =INPUT_SKOR_01!B9 -> 0 | B4: =INPUT_SKOR_01!C9 -> 0 | C4: =INPUT_SKOR_01!D9 -> 0 | D4: =INPUT_SKOR_01!E9 -> 0 | E4: =INPUT_SKOR_01!F9 -> 0 | F4: =INPUT_SKOR_01!G9 -> 0 | G4: =INPUT_SKOR_01!H9 -> 0 | H4: =INPUT_SKOR_01!I9 -> 0 | ... Y4: =INPUT_SKOR_01!Z9 -> 0
A5: =INPUT_SKOR_01!B10 -> 0 | B5: =INPUT_SKOR_01!C10 -> 0 | C5: =INPUT_SKOR_01!D10 -> 0 | D5: =INPUT_SKOR_01!E10 -> 0 | E5: =INPUT_SKOR_01!F10 -> 0 | F5: =INPUT_SKOR_01!G10 -> 0 | G5: =INPUT_SKOR_01!H10 -> 0 | H5: =INPUT_SKOR_01!I10 -> 0 | ... Y5: =INPUT_SKOR_01!Z10 -> 0
A6: =INPUT_SKOR_01!B11 -> 0 | B6: =INPUT_SKOR_01!C11 -> 0 | C6: =INPUT_SKOR_01!D11 -> 0 | D6: =INPUT_SKOR_01!E11 -> 0 | E6: =INPUT_SKOR_01!F11 -> 0 | F6: =INPUT_SKOR_01!G11 -> 0 | G6: =INPUT_SKOR_01!H11 -> 0 | H6: =INPUT_SKOR_01!I11 -> 0 | ... Y6: =INPUT_SKOR_01!Z11 -> 0
A7: =INPUT_SKOR_01!B12 -> 0 | B7: =INPUT_SKOR_01!C12 -> 0 | C7: =INPUT_SKOR_01!D12 -> 0 | D7: =INPUT_SKOR_01!E12 -> 0 | E7: =INPUT_SKOR_01!F12 -> 0 | F7: =INPUT_SKOR_01!G12 -> 0 | G7: =INPUT_SKOR_01!H12 -> 0 | H7: =INPUT_SKOR_01!I12 -> 0 | ... Y7: =INPUT_SKOR_01!Z12 -> 0
A8: =INPUT_SKOR_01!B13 -> 0 | B8: =INPUT_SKOR_01!C13 -> 0 | C8: =INPUT_SKOR_01!D13 -> 0 | D8: =INPUT_SKOR_01!E13 -> 0 | E8: =INPUT_SKOR_01!F13 -> 0 | F8: =INPUT_SKOR_01!G13 -> 0 | G8: =INPUT_SKOR_01!H13 -> 0 | H8: =INPUT_SKOR_01!I13 -> 0 | ... Y8: =INPUT_SKOR_01!Z13 -> 0
A9: =INPUT_SKOR_01!B14 -> 0 | B9: =INPUT_SKOR_01!C14 -> 0 | C9: =INPUT_SKOR_01!D14 -> 0 | D9: =INPUT_SKOR_01!E14 -> 0 | E9: =INPUT_SKOR_01!F14 -> 0 | F9: =INPUT_SKOR_01!G14 -> 0 | G9: =INPUT_SKOR_01!H14 -> 0 | H9: =INPUT_SKOR_01!I14 -> 0 | ... Y9: =INPUT_SKOR_01!Z14 -> 0
A10: =INPUT_SKOR_01!B15 -> 0 | B10: =INPUT_SKOR_01!C15 -> 0 | C10: =INPUT_SKOR_01!D15 -> 0 | D10: =INPUT_SKOR_01!E15 -> 0 | E10: =INPUT_SKOR_01!F15 -> 0 | F10: =INPUT_SKOR_01!G15 -> 0 | G10: =INPUT_SKOR_01!H15 -> 0 | H10: =INPUT_SKOR_01!I15 -> 0 | ... Y10: =INPUT_SKOR_01!Z15 -> 0
A11: =INPUT_SKOR_01!B16 -> 0 | B11: =INPUT_SKOR_01!C16 -> 0 | C11: =INPUT_SKOR_01!D16 -> 0 | D11: =INPUT_SKOR_01!E16 -> 0 | E11: =INPUT_SKOR_01!F16 -> 0 | F11: =INPUT_SKOR_01!G16 -> 0 | G11: =INPUT_SKOR_01!H16 -> 0 | H11: =INPUT_SKOR_01!I16 -> 0 | ... Y11: =INPUT_SKOR_01!Z16 -> 0

Sheet REFERENSI
A1: 📚 REFERENSI DROPDOWN DAN KATEGORI
A3: role | B3: jenis_penilaian | C3: status_kehadiran | D3: pilihan_jawaban | E3: pilihan_skor | F3: jenis_kelamin | G3: kategori_dp | H3: kategori_tk
A4: Admin | B4: Ulangan Harian | C4: hadir | D4: A | E4: 0 | F4: L | G4: Baik | H4: Mudah
A5: Guru | B5: Penilaian Harian | C5: tidak_hadir | D5: B | E5: 1 | F5: P | G5: Revisi | H5: Sedang
A6: Kepala Sekolah | B6: STS | C6: izin | D6: C | G6: Buang | H6: Sukar
B7: SAS | C7: sakit | D7: D
B8: PAS | C8: alfa | D8: E
B9: PAT
B10: Asesmen Sumatif
B11: Latihan
